It‚Äôs saying my card number is invalid,
How can I check child support payments online,
How can I check payments,
non-custodial parent,
Already have eppicard. Trying to find out where a payment is I haven't received,
If i only recieve 50 dollars a month is there still a fee,
Why is there an fee to recieve child support,
modification,
modification,
Forms to request a modification,
I've never received anything and I filed a year ago,
The status of my case,
the page is not loading,
My ex-wife is fixing to be 3 months behind on child support how are you going to enforce this,
When do they give out child support money each month,
How much am i behind,
hello  i dont need help with child support as of now . i was trying to find something or some one who can help with custody problems,
I need to email something to the child support department. No one specific. What is the email address. I have EMAIL_ADDRESS but it rejects.,
How do I stop my daughter's father from receiving her child support if I have her,
On sept 3 DIGITS will make 1 year that I have hhhad my daughter PERSON_NAME Parker back in my care yet her father Tim Parker is keeping her child support and food stamp benifits,
Yes,
I have not been receiving my child support payments as i am supposed to. They are coming straight out of the other parents checks and he is still getting them so there should be no reason I'm b not getting mine,
Full Services,
I Acknowledge,
I need to know why I haven‚Äôt received my payments,
STREET_ADDRESS,
How can I stop child support,
I have a eppi card. But i switch states from Mississippi back to NY  where both fathers live and i originally recieved payments. I tried switching back 4 months ago and havent recieved payments thru either state in that time. Where are my payments going?,
Phone number,
I‚Äôm trying to get a print out for one of my residents saying how much she get for child support from the last 4 months,
I need 12 month receipt of payments sent to an email.,
how do i get this shit with you off the screen so i can look at the site?,
That's all,
where do i turn it in at i live in gulfport ms,
Coahoma county child support number from online sources is not correct.,
Renew food stamps,
My twins' father is ordered to pay around $215 per month but he keeps missing months and won't pay. He usually stays around 700-900 or more delinquent at all times and that doesnt even include the entire first 2 years of their lives that he provided,
Replacement card,
I need help. My card isn't working...and I cant get in touch with anyone.,
I have a child support order from my twin's father for $215 a month. Its not much but it would help me a lot. He keeps missing payments for months at a time and is always 700-900 or more delinquent. What can I do?,
I have a question,
I have a child support order from my twins' father that he js suppose to pay $215 a month which isnt much at all but he keeps skipping months at a time and is behind around 700-900 or more at all times. Not,
Hi..Yes I was hoping I can get a print out of the last 2 months of my child support,
How much am still behind on it,
How can I get the father to pay child support,
I‚Äôm inquiring about my dna results. I haven‚Äôt received them yet.,
I'm trying to get updates on my child support case,
are yiou human,
give you my employer name and address,
How would the person paying child support get a copy of their payment agreement,
im trying to establish paternity to get my name removed from a birth certificate,
reopening an old case,
Driver license clearance form,
Is this a human services building,
i had set up an account to deduct a payment yesterday but found that i entered the account number wrong,
I have an insurance confusion. My child has two insurances. I need to know if MDHS put in a court order for her dad to carry insurance,
Why haven‚Äôt I received payments,
Check balance,
What is the fax number,
I need to know if I‚Äôm done with making payments to child support,
I overpaid with an automatic deduction at work and have called numerous times the past 4 months and every time I am told they will send the form requesting reimbursement and I never get the form. Where can i get this form.,
are you a real person first off,
Hours,
Ur stupid computer,
What are you good for,
How can some not follow through with a garnishment,
How can my ex after not paying for 4 yrs make 3 pmts and stop again?,
Where do I find my next payment amount and date,
Have not child support debit card,
I would like to know if my child support can be increased without a notice,
Yes,
i used to receive them,
Do y‚Äôall do free DNA test,
Already got card other parentsl ain‚Äôt paid snice march,
Trying to figure out how to get my ex to pay since he is not after divorce,
I received my letter to allow my ex to pay his child support thru the state however he has moved again so he was not notified . What do I need to do ?,
How can I make payments arrangements. so I can get my license. I'm a truck driver,
send an e-mail,
email contacts,
i need a fax number to send in forms,
fax number,
Thank you,
STREET_ADDRESS
Decherd TN ZIPCODE
Franklin County
Contact PERSON_NAME
PHONE_NUMBER,
what date of the month does the custodial parent receive payment,
How do I found out my case number,
Is this a real person?,
I know where it is,
Metss,
Hey when I get ready to pay child support thru paynearme wat does metss stand got,
How fast because I'm using others device at the moment I need you to call me before 4:30 if so PHONE_NUMBER,
No,
No,
My kids live with me for 4 years and I need assistance with helping me get rid of this debt I can't go to work and I have DHS taking out my check and the kids no longer live with father,
ask a question,
I dont know,
Address change,
My son turns 21 in August. When does my payroll deduction end for support for him?,
Why am I not receiving payment,
My daughter turned 18 in March of this year. Our divorce decree states my child support stops at that time unless she is in school. How can I get proof of enrollment /attendance in school to see if I still need to be paying?,
I want to request a increase,
Transfer case,
My son haven't got child support in 2 years. He's 21 now. His father missed his 11th and 12th grade year in school. Will he received that back money,
how can i get a child support service form,
Customer services,
so why have a chat if you are unable to answer any questions,
i do not want to call them they were absolutely no help,
How to find my cas e number,
money,
i'm looking to get help with a statement letter,
I have a 19 year old son that has not lived wth his father since he was 14 i currently owe my ex husband child support that he continues to push for even though our son does not live wth him,
NOT RECEIVING PAYMENTS,
I am needing to update my address so that I can get a new EPPI card sent to me.,
Mississippi verification for child support services form,
I can not understand why was my driver's license was suspended when I am not behind,
my son is about to be 19 and have a job and do not live with his mom. how can I stop paying child support,
I already get direct deposit... I was trying to see was there a way to check online to see when was my last payment made,
Hello I would like to ask a question about my own case.,
Mississippi,
I need Mrs lay number she at county Drive,
I already receive. I just need something showing that I receive payments,
i need a form to change my child support,
Neither,
How do I take me and my child off another food stamps case,
How to get help with rent and bills,
Customer service number,
No I am not receiving my scheduled payments,
I applied for an increase and checking the status,
how long do it take for child support order to be process once you have been to court on 20 of June,
How can I get the "absent parent" to pay child support?  It has been almost 3 years.,
Who do I make the money order out to,
Could I get a verification form from either location,
How many years of back time child support can you get,
Okay,
I have applied for child support and my daughter is 4 years old now and I still haven‚Äôt received any for her. What can I do?,
how long does this process take,
I am having trouble receiving the correct amount of child support. I have been through lawyer and it was suppose to start being drafted but that has never happened. I have contacted my lawyer office three times and have not gotten a call back from her.,
I'm trying to get in my account online but I've been lock out,
When i called the  number to checl the arrears balance and payments made . The was a new updated balance made for this month however the card says there isnt any money on the card. How long does it take for the money to be added to the card .,
how can i check the balance of child support my child is due,
Question,
Yes,
I‚Äôve had a case open for 13 years and still not a penny,
estatus de pago,
I need to stop child support payment to me. One of my  child is going to live with his father,
Other,
My 14 year will be living with my ex- husband starting in the second week in August. I need a letter sent to his job to stop child support payment coming to me. Dawn Afitlhile  PHONE_NUMBER,
what do I do next after I get done with the application,
Hi gen what do I have to do to get my child support raised,
It‚Äôs been about 3 weeks since I put in an action,
Follow up on my case,
When my divorce took place and child support was ordered my husband had a much lower income.  Where he is working he makes more in 1 week than i make working 2 jobs in a month.  I want to have the amount he pays be the % in state guidelines .,
Is.,
What is the age you should stop making payments,
what are the hours of operation,
What,
What is the Bank Plan child support,
I need the number to check on all my cases.,
schedule an appointment,
My child support card expires at the end of this month and I have not received a new one,
1.  I just want to see if he can pay me more than $200 a month for his 16 year old son.,
my house,
show me,
geo,
google,
reactapp,
features,
technical,
I‚Äôm wondering when my child support will go through into my account and why I‚Äôm not getting the full amount on one of them?,
Nekole PERSON_NAME,
Can you tell me anything about my case I have not heard back on the decision that was made,
Nbj,
PERSON_NAME Cohea,
Contact,
Would like to know the status of my case,
How to I get a copy of my child support order?,
Is the family group number the same thing as case number?,
Yes I would like to get the status of my case,
He‚Äôs not paying but will be getting married next month,
I‚Äôm trying to get child support for my 12 year old daughter.,
i tried calling. I was on hold for 15 minutes before being disconnected how can i get an audience with a case worker?,
Need to talk to caseworker about my pay ment,
r u dumb listen to me,
How do I get I touch with dhs,
Our divorce decree states my ex is obligated to pay $860 a month in child support for our two children. If I file for child support enforcement will this amount change based on his income? More or less I'm asking for either way.,
I need  an establishment of part it's form,
I Acknowledge,
In the process of getting a divorce.,
When should I update my income increase with child support,
When are deposits made to the custodial parents debit card after they are garnished from the non custodial parent?,
If one guy is on child support for a child and you get legal documentation that another guy is the father. will the first guy be taking off child support,
üñïüèø,
üñïüèø,
Thanks 4 nuthn,
I‚Äôm trying to get wages garnished from his new job,
Could u just send me the address,
The current order is for the children until they are 21.  One of the children will soon be 21.  What do I have to do to get her removed from this case?,
Spouse,
Can NCP make payment without court order being sign,
Neither,
are you a real person,
I need a form to verify that I receive child support for my child.,
Do you have the number,
income withhold,
I need to check on my case,
Phone,
What is the state minimum per child?,
are you there,
yes what number do i call to cancel a child support case,
I can't afford to but my kids school uniforms what do i do is there any help,
To what address should I mail a Judgment Terminating Child Support?,
can non-custodial parents pay by credit card,
Can I make a payment with a debit card?,
I need to get a print out of my child support case and verification for the past 3 months,
I want to know how i can get my past due child support from over the years,
Cashiers check,
Cashier check made out to whom,
YEA,
paternity,
IM TRYING TO SEE WHY I HAVENT HAD PAYMENT SINCE OCTOBER DIGITS,
My child turns 21 on the 8th of August. At what point will my court order for child support be vacated?,
what,
Non custodial parent has not paid child support in 3 months is there any updates i need to know about,
$0,
Case information,
How long does it take to get my child support eppicard?,
If I have a divorce decree that states child support is owed and it hasn‚Äôt been paid what form do I fill out,
I want to talk to a agent,
Make child support payments,
I recently lost my job. My child support payments were deducted from my paychecks. How and where do I make my child support payments now?,
My child's father filed taxes in April. Why haven't I received anything when he's behind $DIGITS+?,
Trying to find case # so can make payment,
1-800 number,
I have a question if a father is over 15000 dollars behind in Child support will another be open if he is assisting with the second child,
Can i check it online,
When can I ask for increase for child support?,
Yes.  When did the age of emancipation change from 18 to 21?,
custodial,
phone number,
where is my money,
social security,
custodial parent,
Yes,
How Do I Find Out How Much Money Is Available,
Information,
I'm trying to update my information and see why I'm not getting my child support,
Get balance,
Hiw do I set up a non custodial parent account to make payments,
I received a refund check and I was checking the validity,
If the father receive ssi can the child still get support,
I Acknowledge,
Yes,
Status of case,
Wes,
Checking payment I have made,
how do i get a MS debit card for child support payments,
769-666_6697,
Hi my card is reading card error at every store I go to but it has funds available.,
if i pay with a debit card will it be charge every month. reason im asking cuz it isnt my account,
The rule for custodial parent,
What law show the responsibility of the custodial parent as it relates to visitation rights,
What address is on file,
How can I check my child support payments,
I am trying to figure out how to get my case information updated properly.,
My ex is over $4000 behind.  What can I do?,
First payment,
How do I find out if a payment has been made?,
Other,
That the child belongs to another man  how do I get that information,
I'm trying to see how to get records of a mother and a guy who had a paternity test saying,
If me and my child‚Äôs father aren‚Äôt married does he still go on child support?,
How to stop child support,
My fiance kids are 17 and 20. They have decided to live with there dad. How does he stop child support to their mother?,
How can I file a contempt of court,
Do I have to wait until my baby gets here to file a case,
does the custodial parents get paid any late fees for non payment?,
Common question,
This is for my nephew,
Age a child can receive child support,
Are they canceling bank plan for child support in the PERSON_NAME county in PERSON_NAME Mississippi,
need to talk Gen,
What is the percentage of child support for 2 children,
I am trying to find out if I can submit a child support payment online ?,
I need to get a copy of what I received for child support in the past 6 months.,
I wish to stop paying because he now lives with me,
Why am I not receiving child support payments? My child‚Äôs non custodial parent is currently on Workman‚Äôs Compensation.,
Who can I call,
I‚Äôm just trying to follow up in regards to my case,
To order a replacement card.,
my name is elvin leahman III  ss# DIGITS,
Online - link broken,
How to file for visitation,
Yes,
fax,
Could you have someone call me on PHONE_NUMBER,
Welcome,
Welcome,
Welcome,
What‚Äôs the direct number,
Thank you,
My children dad is in jail,
If my children's father sent his payment off from Popularville on the 19th of this month how long will it take for me to receive it?,
I have an order already  but he has neglected to  pay in 3 months  and the months he did pay it was not what my order say,
Good morning is there an online form I can complete to file for child support?,
MDHS-CSE-617,
Phone number,
why can i not access the child support web-based bills/notices,
i need an updated income withholding transmittal form,
A lot,
i would like to get an updated employee list,
Wow,
I am just looking for a blank Verification of Services form.,
Trying to find out why my sons mother hasnt had to start paying on any of her back child support and why Its still not been adjusted to her income?,
Does child support payments end when child reaches 21 years of age?,
new number,
PERSON_NAME county ms,
Phone number,
Who's my worker,
Why does father still pay child support for a child at is 18 years old?,
I have a question,
Just tr,
I want to know has anything changed with my case,
Ranora Medders,
Change of address,
Jobs available in PERSON_NAME with DHS,
I don't know,
thats not answering my question,
I just have a simple question and can‚Äôt seem to find it on the internet,
Change of address,
Bye.  This is a stupid interface.,
I just asked,
Review status,
How can I check the status of a review for child support?,
I lost my child support letter for review of increase,
Stop payment,
What ages does child support stop,
When does child support payments stop,
I need a Child Suport Verification Dorm for daycare,
I haven't received any payment,
I live in TN applied for child support but the child‚Äôs father lives in MS. My case has been turned over to MS for a schedule orientation but I don‚Äôt know who to contact to keep up with my status,
Simply ask a question,
ask a question,
my grandma daughter stay with me and her mother get the child support card and i don‚Äôt feel like thats right,
How many months can you PERSON_NAME on child support in Mississippi before jail time,
I want to talk about my case,
How do i get a Mississippi Verification for Child Support Services form.,
In my system they have the same custodial parent but different case numbers Please advise,
I have a employee that this pay date two child support payment came out  name : PERSON_NAME Myhand the last 4 of his social is DIGITS . $111.70 came out and $92.73 came out .,
Haven‚Äôt receive child support card for my second case,
What is the number,
phone number for Pascagoula,
Change of address,
I wanted to know how to set up ipay,
Arrears overcharges,
Speak to a representative,
When was my last payment made,
I have the eppicard but haven‚Äôt received my payment,
My company name is Southwest Distributors and it is the monthly form that we use to remit payment with,
I would like to know how am I behind,
Request a review,
What steps must be followed to request a Review of my child‚Äôs father?,
Increase,
How do I request an increase,
none i have not received child support since Oct of DIGITS. He was ordered to start paying in March or DIGITS and I have only gotten 3 or 4  payment since that date. from July to Oct of DIGITS. How can i find out if anything is being done to try to collect,
How to check payment online,
How do I check my balance online,
Why y'all dont do your job,
I'm trying to find the building were court is held,
Termination of parental rights of a parent who hasn‚Äôt paid child support or seen there child in almost 5 years,
you can also speak with my wife PERSON_NAME,
Need to talk to someone about a continuance on court date asap,
I am looking for the agency ID for MDHS,
I just have some questions,
Soy el padre que debe pagar,
I live in PERSON_NAME Ms and I moved here with an exsisting child support order from ct I am a single mom and was wondering if I can still get support from my sons father after he turns 18 he is going to north west community college  next month,
How can I get documentation of benefits for the school,
WellI hope you can. My ex and I started a case in Tn but she moved to starkville ms when my son was around 4 and just in a year or so has moved to fort PERSON_NAME fl. my son is now 16 will be 17 december 13. I have not seen him in 6 in a half years.,
My son's father pays rent lights water but I'm being denied food stamps because I have to put him on child support. I'm worried he will stop paying the bills if I do this and the support won't be enough,
Phone number,
representative,
quesstion,
Gen was helpful,
I have a question concerning emancipation,
So so,
PHONE_NUMBER,
KKKKKKKKKKKKKKKKKKKKKKKKKKKKKKKKKKKKKKKKKKKKKKKKKKKKKKKKKKKKKKKKKKKKKKKKKKKKKKKKKKKKKKKKKKKKKKKKKKKKKKKKKKKKKKKKKKKKKKKKKKKKKKKKKKKKKKKKKKKKKKKKKKKKKKKKKKKKKKKKKKKKKKKKKKKKKKKKKKKKKKKKKKKKKKKKKKKKKKKKKKKKKKKKKKKKKKKKKKKKKKKKKKKKKKKK,
;KNJKMPHOMMMMMMMMMMMMMMMMMMMMMMMMMMMMMMMMMMMMMMMMMMMMMMMMMMMMMMMMMMMMMMMMMMMMMMMMMMMMMMMMMMMMMMMMMMMMMMMMMMMMMMMMMMMMMMMMMMMMMMMMMMMMMMMMMMMMMMMMMMMMMMMMMMMMMMMMMMM,
JKJKKOHOIOIOOJKJKJKJKJLJKKJKJKHHHGHBGJJHJJJ,
DIGITS,
GEN,
LOVE U,
How much for paternity test,
what time does it deposits,
i get i ton the eppi card,
Thank you,
Thank you,
Can,
Can you give me information on receiving child support after kids turn 19 years,
Can I get money back if I have an order from the court to stop taking money the you still did for over a year,
My wife is late on child support and not answering my calls,
How can I get my funds deposited into my own account,
file a new case,
I am check on child supprt,
I have two children what would I have to pay in child support in the state of MS,
How can I get child support stopped when child is married and moved out on their own?,
medicaid,
How to view statements onlibe,
No,
Yes,
Number,
attorney general,
no,
Im currently getting child support payments. And i was trying to see when is the next deposit to my card,
Yes,
Can I ask a General question,
19 years old and pregnant and not receiving benefits from the guardian over my Childsupport case,
How can I view letters that were sent from my case worker,
I'm trying to view the cases I already have,
this has not been helpful to my questions.,
What‚Äôs your address,
Court order,
No,
What time does STREET_ADDRESS. Close?,
Getting a new child support card,
U guys sent me a letter was trying to get a understanding,
Case numbers,
please just help me locate the forms that I need to fill out,
Is there an online portal to see open cases on,
Meaning?,
mailling address,
address,
Can I check the status of my case,
I need a printout of the child support I received during the month of June DIGITS,
what doyou know,
interstate case,
paternity test,
I‚Äôm trying to get the status of my child support case,
what is the agency's mission,
How do I go about trying to get support owed to me for the past 8 years? The father is now working,
I have a question about a specific order and a refund that was returned to employer,
PERSON_NAME address,
Yes,
Trying to find the address to send my child support,
I don‚Äôt need that,
payable to,
case ID,
MDHS-MAV-P 002,
establish visitation rights,
visitation,
custody issues,
My child support haven't made it yet....they have put me on the phone with 4 supervisors asking me is my email still the same ...I wanna know what's the hold up,
I done dealt with 4 supervisors for the month of July n still haven't received my payments yet ...my email still the same...wat is really goin on,
How do I find out if I'm getting  a refund,
How do.i find out if I'm getting a refund,
DIGITS roughly,
just wanted to check on a payment that was sent to me,
I‚Äôm just wondering how behind is my oldest daughters father. The dollar amount along with how many months arrearage,
Phone number,
I haven‚Äôt got a card yet for child support and it have been a month,
When will I begin getting payments,
customer service,
I‚Äôm here to figure out how to turn over parental rights,
Hey my name is PERSON_NAME I was trying to see how much was posted on my card from this month,
OK THANKS,
I WAS TRYING TO SEE HOW CAN A REMOVE A NAME OFF MY CHILD SUPPORT CASE. THE GUY GAVE ME THE WRONG NOW AND NOW I HAVE THE CORRECT NAME,
I‚Äôm looking for the change of address form,
Remove case,
How to stop payments,
How to get off childsupport,
If child live with me how do i get off childsupport,
Why haven‚Äôt I been getting my child support payments?,
I need the 1-800 numbers so I can check my card not the number that be change the other number,
Email address,
I received a letter saying to with hold for arrears for an employee that says he is caught up. can I get an updated letter?,
how do i get info about my case,
Can you confirm whether checks from Absolute Fire Control for CASE#DIGITS dated 4/26/19 and 6/7/19 were ever received? I suspect that they were lost in the mail.,
Whats the number to call you all,
How do I stop child support on children who live with me now,
missed child support payment,
How often does am i required to wait to get my child support case reviewed for increase?,
Hey I have a question,
What is there phone number,
Enforcement,
I now have my daughter full time and the mother who I pay child support is willing to sign a letter saying so. How do I stop my payment request from the state,
I am trying to put my child‚Äôs father name as the custodial parent can we do that,
My husband owes child support in the rears we are working out a deal to clear that can I do that one-on-one with him or do we have to go through y'all,
What proofs or forms do I need,
Have a question,
I need a number to speak with someone in PERSON_NAME Co Mississippi about why I am not getting any CS and they have taken over 8000 from him for it,
My son dropped out of school.  Has turned 18. When will my payments stop,
How can I make a payment with my debit card,
In my divorce my spouse had it written that I pay child support for a period of 5 years from the date of filing. I signed it. This would have me paying two years of child support past the age of majority. Can I legally stop paying on the child's 21st,
DIGITS,
I applied for food stamps and the office said I was not compliant with child support so I would not be able to receive benefits but my kids still could. Is there anyway to change my status of compliance with child support,
I have been giving money to my babymother and my daughter through cash app with payment info and what the money was for but she sued me for my arrears which was DIGITS.00  I have the receipts that total I‚Äôve sent  her DIGITS.00. Do I get refunded for this,
Hi....my name is PERSON_NAME Hunt....I haven‚Äôt receive child support since June 11 DIGITS,
I need a payment increase,
need civil case filing form cover sheet,
I don't want my local office. It's in pascagoula. I need a supervisor,
is there a form to be filled out,
why wont the ipay page load?,
I‚Äôm here to figure out how do I get a copy of my child support court order from both fathers of my children,
I don‚Äôt know my case number,
I have 2 cases with the same issue.,
I‚Äôm tryna get the contact number,
How do you report a child in danger annoymously?,
I‚Äôm trying to make a child support payment online as the non custodial parent. I don‚Äôt see an option to use my debit or credit card,
question fo ryou,
I was told at my last interview that I would receive an appointment by mail within 30 days. It‚Äôs not been almost 60 days.,
How do i request a review,
I can get  a proof of child support from that place u sent me rght,
1 I received a lump some back pay last month should I start getting payment  every month,
I haven‚Äôt been getting the full amount like I should,
I need to get a new card mines about expire this month,
DNA testing,
Schedule an appointment,
She need it by today before 5,
PERSON_NAME.eaves12&gmail.com,
I NEED THE PHONE NUMBER,
Why am I not receiving Child support from certain parents?,
1-601/674/DIGITS,
Hours of operation,
Fax number,
Address,
What about child support reviews,
Change of address for child support,
Im trying to find out how to make sure my address has changed for my child support benefit,
i am trying to find out if i even have anything to collect  im 26 and never recieved anything but my father still gets his checks garnished for back child support,
Yes need to know what I need to bring in to cooperate with child support,
Thanks,
Sorry this is about food stamps,
She said that they had stop useing money orders receipts,
Look up a case,
Looking up a case against me saying I have a child in Mississippi,
dad,
I have two children. One who is under my care one who isn‚Äôt. The mother of my son which is the child I‚Äôm having to pay child support is requesting I pay 14% wouldn‚Äôt it be cheaper since I have another child,
How do i obtain my case number?,
So how do I go about taking him off ?,
what is the number to call to get my balance owed,
I'm trying to get a DNA test for my child.,
I found out today that my son's father recieved cs papers.   I was working on the papers but hadn't finished them.   Could my snap caseworker have done the papers maybe?,
Trying to determine if my 18 year old moves does child support stop,
You can answer my question,
Actually it's a lot me and the children's father have not been paying child support on account of I have two and he has one we have been splitting payments for years now I'm being put on child support with no income,
My son has been told that his ex-girlfriend is pregnant with his baby.  He would like to get help on getting a dna test so if the child is his he can support the child,
Sing up for Childsupport,
My divorce papers say that my exhusband only has to pay support until my child is 18.  However someone told me in the State of MS age 21 is the age he has to support her through...,
I am an employer trying to fax Child Support data that was requested and the number on the fax PHONE_NUMBER is not working.  Is there another number I can use?,
need to check on my child support payment,
I need to get a new card mine is expiring,
Did you get my message,
Debit card,
Phone number,
Call center is asking for a PIN number,
I received a letter saying my case was going to be closed because I haven‚Äôt cooperated with providing necessary information I haven‚Äôt received anything saying what y‚Äôall need,
Contact number,
Why is my account over draft ?,
Who do we contact to inquire about lump sum payments,
The state is trying to make me pay money i do not owe for support because my son got married n joined the army at 18 yrs old,
Talk to someone about DHS ... I ran into someone that she has 4 kids and all of the kids don‚Äôt have anything to eat just a loaf of bread and that‚Äôs it while the mother goes out and get drunk and high,
Snap Benifits ?,
How long does it take before I get garnished taxes for childsupport from my ex?,
Holly springs Ms,
I have a question about my case dealing with court,
I‚Äôm waiting for a review,
Byhalia MS,
byhalia Ms,
I have a question about income holding for child support form,
Yes,
I have a question,
I want to start getting child support on my baby from her father,
I have not received payment for this month,
I need verification that I don't receive any child support,
Neither,
Why am I only receiving seven dollars in child support and the father has two jobs,
Why am I only receiving 7 dollars in child support,
Hello why I am,
Apartment 110 is where you will find him before PERSON_NAME,
Tgilford810811,
Is there a form the employee signs to authorize deduction from check?,
Paternity test,
Hi I need an email address to send my drivers license n current address to receive my child support payment,
Can I get a phone number for this address?,
I am the custodial parent and child support order was established in Texas. The non custodial parent now resides in Mississippi. Who is now responsible for handeling enforcement?,
what is taking so long with the process,
STREET_ADDRESS ZIPCODE,
My ex husband has been working for several months and I have not had any child support payments from him. I have his employment information.,
No job,
Disable,
how to transfer my case from West Memphis Arkansas to Mississippi,
PERSON_NAME,
Establish paternity,
how long does it take to receive child support from.an income tax,
Just needing info on what to do and how to do it?,
I need to cancel my case,
i just want the withholding form for employees,
I was awarded child support over a month ago and have yet to receive a payment,
I thought I would be getting something in the mail.,
Percentage of income paid by non-custodial parent.,
What is the minimum amount of child support and percentage of income required by the non/custodial parent?,
I am a custodial parent in Alabama and the biological father lives in Mississippi I am trying to get a modification since the amount has not changed for the past 10 years,
I need new card,
looking for the court order,
My daughter recently turned 18 and her father stopped paying support,
Thanks,
Yes. I would also like to check on another case.,
PHONE_NUMBER,
two children by two different mothers. What percent would I be obligated to pay?,
How do I go about getting an eforcement?,
Enforce!,
Dsxv,
How to get a suspension lifted on a driver's license,
Phone number:PHONE_NUMBER,
PHONE_NUMBER i got a letter about a decrease but never received anything else and that was like 3 month ago,
Where can I find the child support forms,
I have the card but haven‚Äôt received child support in almost 2 months,
I need see how much children soupprot be get every month,
court order required?,
Hey I‚Äôm a child who is on child support but I‚Äôm not getting any money from my mom,
DNA testing,
Status,
SSN DIGITS,
Yes,
How old does the child have to be in order to apply?,
How do I close my case,
I sent information in May DIGITS to give father credit for child support payments made directly to me and it has not showed as credit. What should I do?,
check on my case,
How much is the minimum child support per month for one child in PERSON_NAME county MS,
I am trying to see if i have a pending case or court date coming up,
How to stop child support,
How can I help get my ex to pay child support?,
I need to speak to someone. Do you have a direct phone number?,
it say credit 99.24,
trying to see is it render blance on my case,
Re,
R,
Whew do I mail a child support payment to,
jjdjsjhs,
Hchncncncc.   Nnbbbbbbbbnbyeeeyyuuyvvycgvknonmbhhnnfjffcjfb v. Dbjdbhgf hdhashhhnbb b.  Bbbb.  Bb.  Bb.        By xlhkh furym,
DIGITS,
3-13-17 last payment 51.47 and 11-9-15,
STREET_ADDRESS PERSON_NAME MS ZIPCODE,
PERSON_NAME MS,
STREET_ADDRESS,
STREET_ADDRESS PERSON_NAME ms ZIPCODE,
Stop all childsupport,
My ex wige signed to drop all childsupport 3 months ago and i still cant get license everytime i call yall say wait a little longer,
No a friend,
Another case DIGITS,
my drivers license,
Speak with someone,
PERSON_NAME tullos425532834 PERSON_NAME ms,
Haven‚Äôt received,
Balance check,
I have not received my child support card and it‚Äôs been pass 10 business days,
1 800 number so I can check on my cases,
I had the case number to my account how can I check it,
Can I pay childsupport with cash,
Tell me about paynearme,
What will I need to use money gram?,
Trying to see when I will receive a card with my child support,
No,
How long can he go without paying?,
no my question,
What is a number I can call to talk to someone,
I have a question,
local number,
the phone number,
Phone number,
Once my child reaches 21 then what?,
ask question,
Yes. I need to know where to go to change my address so that I can get a new card. The epicard people cannot help me.,
Terminate,
What is the phone number?,
percentage,
can you tell me the percentage of income for 2 children child support is?,
Just need to know how to get the document to release the income withholding order,
I need a release from child support that has been paid now that my daughter is almost 21. How can I get that?,
How long will it take the parent to receive the payment once I mail in the money order,
How do you get an increase,
would western union be a faster way for the money to get on the card for the person receiving it,
I want to know when was the last payment made on my case,
How do I speak to someone,
I was supposed to get a call and never received one,
My card is suspended and I would like to know why it has never done this before,
I need to get my daughter on medicare,
Monthly,
Monthly income,
Monthly,
I‚Äôm mother,
I don‚Äôt know what all that means,
Address change,
if i pay online how fast will my ex wife get the money?  i did this online years ago when you all first started doing it and it took like 3 weeks for her to get her money.,
I need to update address and get a new card,
Need to also change the address as well,
need a new card,
You aren't helpful. I can find that on my own.,
How can I find out if my son's father has made a payment this month,
Hunt,
I wanted to know if there is a form we could use to do the agreement and have filed through the court? Also how would that work if we wanted to do agreement among ourselves but have it filed through the court?,
i have called so many times my case worker hasnt called me or any thing,
i have a card already! i have not gotten child support since May. i have called the hotline every week. He is working but nothing has been done,
what is it,
Yes,
Online status,
Check case online,
What if only 1/2 of the allotted amount is being paid what do I do,
When can i stop paying child support,
Where do I send a letter of discontinue-ment from corinth ms,
just  2 children that has emanicipated,
I am the non custodial parent. I am the one that pays,
Sort of,
How to stop payments,
My child is turning 21 in sept. What do I need to do to stop the automatic withdrawal,
if I‚Äôm making payments why were my license suspended?,
My licenses were suspended.,
Trying to check balance online,
Visitation,
child visitation forms,
nothing has been done yet. I have custody of my daughter and need to apply so her mom can pay,
Want to check on starus,
Mother custodian,
how can I ask to,
yes a question,
PERSON_NAME Straight Jr Phone number PHONE_NUMBER Case number  613673539A email EMAIL_ADDRESS,
Yes,
How is the amount determined,
Yes. Well I have a question about my custody agreement. I have full custody of our daughter but would like to give modify that to give the father joint custody. How do I go about doing that?,
Yes. Well I have a question about my custody agreement. I have full custody of our daughter but would like to give modify that to give the father joint custody. How do I go about doing that?,
Checking my rear balances,
how to stop child support deductions,
My daughter turned 21 and has lived with me for the past 2 years. Will the child support turn off now?,
I want to speak with a representative,
I want to check the status of my case,
Just need verification that I am receiving child support,
How can I check the status of my case?,
Transferring a case fromTeas,
WHAT IS THE EMAIL ADDRESS TO CHANGE ADDRESS INFORMATION,
i need a direct phone number,
i cant get to a person when i call that number,
i mailed an application and it was sent back to me requesting custody paperwork. it has been 2 months and i just now got this back. the entire application and a note. why couldnt they have started the process and requested those papers.. can i email?,
Who do I contact to get an increase to in my child support,
speak with someone on phone,
open new case,
forms for child support,
payment forms,
I am looking for the forms to print so I can send payments for my employees.,
I am trying to get a printout of my child support payments,
What's the automated phone number,
Speak with a representative,
Huh,
My question is if I request to have the case closed will I still get what is in arrearage?,
I currently go through DHS to receive child support payments.  He is now in arrearage of about $10000.  Our sons are older now and I have agreed with their father to close our case with DHS under the circumstances that I get paid what is currently owed.,
PHone number,
I am the custodial parent and have had an open case with MDHS for years now.  I haven't received payments from the non custodial parent for several years.  I would like to get an update on the case and see what can be done.,
When does child support end?,
My child will be 18 tomorrow. It is my understanding that I should give the child the support that the mother has been receiving is that correct?,
??,
Maybe send me a new card that works,
Paternity testing,
My ex husband hasnt paid me in tears and I know he works why havent child support found him,
I wanted to see if there was an online account that I could look at for my case,
PERSON_NAME,
Hi I‚Äôm trying to report a card lost and order another one how can I do that,
Can you cancel child support,
Informacion sobre El Caso de mantencion dei hijo,
Case number: 619937341A,
My son is trying to get his child‚Äôs name changed to his name on her birth certificate. Currently the baby just has moms name. Does he have to hire an attorney in Mississippi to do this or can he just fill out some paperwork or get a dna test,
Log in,
Yes my daughter turned 21 last month and they are still taking out support on my payrool,
Foodstamps,
Case number,
I need to know what something is that was put on my doorstep,
How many days do you have to wait for funds to post after child support receive the payment,
Childsupport,
Can the father get a print out of what I have spent with money he has put on card,
I need the call center email address so I can change my home address,
Yes I have another child and his father was put on child support..  we decided to come to an agreement that he was going start helping out..  how do I go about canceling the case?,
How to view bills/notices,
How to view bill,
How can i go after a dad for not paying his child support?,
Online login,
Login,
Law,
Trying to find number tomcheck,
How do I find out my pin #,
0,
tax refund,
If my child's father is expecting another baby by someone who isn't his wife and he pays child support on my child will it be lowered once the new baby is born?,
I‚Äôm here trying to check on my funds,
Monies on his campaign,
I keep getting notices about arrears when I know I am NOT behind,
Case # DIGITS,
Will I have to pay a fee there?,
I need the email address to change my address I have a case opened,
Suspended license,
How can I get my child support statement,
Filed 4 months ago still waiting for an answer,
How do you open your case back up??,
I‚Äôm making a payment so it takes 7 days here in ms,
how to order a child supprt card,
How do I go about getting a verification of child support form?,
I am trying to get a child care voucher,
how do I set up an account,
i want to also receive food stamps and medicaid,
Yes how do I get in touch with someone regarding a child support payment not posted on my eppicard,
I need to find out if my application has been received,
email,
fax number,
How to receive back child support payments,
Why am I not receiving any child support from PERSON_NAME D Brown?,
Customer service,
Payment types,
Do payment location accept cash?,
Trying to set up child support to be taken out of my check at my new job,
I was wondering if child support is adjusted if i have another child with my now wife?,
I am trying to check on paternity results.,
Modification,
The last payment I received was in May and it wasn't my full amount. I haven't been getting my payments since then and I'm trying to figure out why because I need it for bills ASAP. Thank you,
I have a question about my case.,
Refund of overpayments,
Refund of overpayments,
Child support verification form,
How do I go about proving that my son stays with me and not his father,
is there a fee for paying child support through the state?,
grandparent to receive cs,
Forms,
I need a MS Child Support Verification form,
I have a question,
How do I transfer to another county,
Can the agency debit my husband checking account for back support without letting him know in writing,
Retainer,
Retain fee,
Checkng,
Yes. How do I go by getting an increase,
?,
Is it open in PERSON_NAME county,
Address for the distribution unit in PERSON_NAME Mississippi,
How do I get my balance on my child support,
I am the custodial parent. Do I have to be in court for my child support hearing?,
acknowledgement of paternity,
Who to talk to about non payment in over a year,
Trying to contact someone about child support,
Need printout emailed to me showing what I‚Äôve received for the past 6 months,
how to get a letter stated that my account is current?,
He claims he cant file for a car loan and he will go to jail if he falls behind if he is in hospital,
No,
I'm not sure. What is the difference,
operator,
who called me.,
I had a few questions,
My sons Father has informed me that he no longer is employed. I didn‚Äôt know if I should notify you all or what?,
I dnt no wat happened,
Yes,
Trying to see have a payment been made,
Amccord14 @icloud.com,
Neither,
me and my ex-wife have 3 children I have 1 and she has 2,
I received one in the mail but I am not sure for the reason.,
I would like to know how can I start a new child support case?,
is there an email address,
yes trying to change my address to get a replacement card,
Also I want to speak to caseworker,
How can I review my child support order,
No,
Why my card says fraud suspended,
Neither,
I'm checking on child support paymey,
I print out for verification,
Change payment method,
EMAIL_ADDRESS,
I would like to change my current payment method,
What is the maximum percentage of disposable income that can be withheld for child support?,
PERSON_NAME,
Neither,
Where is my money for this month why is it not on my card?,
what can you assist with?,
how can I  close my case?,
HOW DO I CLOSE A CASE?,
I AM ON BEHALF OF MY BOYFRIEND. I AM TRYING TO SEE WHAT ALL HE NEEDS TO DO TO GET IT GOING?,
Can I pick it up,
Yes,
I Acknowledge,
How to get a print out online,
I haven't received child support payment in over a month now.,
Account number 612240809A,
I'm trying to see if my account is up to date,
Kinda,
How can I see how much child support we receive each month?,
Is it a way I can print how much child support I recieve each month from my child(s) father?,
ask a question,
I need to check on my file. We  haven't heard anything back in months and he has already seen a social worker,
How can I talk to about a child support case my father been paying child support I have never received a card,
I didnt receive my payment this month. Could you tell me why?,
Need a fax number to send in my written notice,
Find case number,
Yes,
What day do my benefits hit card this month,
Wen do my benefits come,
I spoke with child support customer service and she told my payment in the amount of 115 with be deposited on my card july 16 and it isnt on there yet,
Why am I not receiving payment if they‚Äôre taking it from my baby‚Äôs father check?,
What if the father is already making payments to me and I am on SNAP and Medicaid? Does he stop paying me and pay Mississippi instead?,
I don‚Äôt owe any child support I‚Äôm the custodian,
Good Night.,
Food stamp,
Recieving,
Am I to make payment to the other parent or child,
If a child support account is opened will it draft from his work check or will he be able to pay it through an app,
Information,
I'm the custodial parent,
Can a non custodial parent pay child support directly to custodial parent in MS,
Can you check on my case,
I need to pay off my current child support so I can get my passport,
I am the person who is paying child support and would like to know how can I go by getting it increased,
I have been trying to contact via phone but I do not have a pin.  Also child support has been taken from my earnings but my children have not received anything in months,
I am trying to see where my case stands,
How to get them stopped if I have the child in my custody,
Yes how can i check on the balance of my child support,
I‚Äôm helping a friend try to determine what she‚Äôd receive in child support,
In August I will be going to college and I‚Äôm wondering if I can get my own child support card since I‚Äôm not in my mother‚Äôs house hold,
If a suspected father refuses to take ADN a what is the next step,
Just getting info at this time,
Need to change address,
Yes,
Drivers license reinstatement  clearance form,
ive been on hold for 25 min,
any i can talk to,
i need the complete guidelines for child support in ms,
how can i reach a person to give them my new empoler information?,
change of address,
Submit,
I was looking for information regarding a recent payment that I have not received. How long does it require before I receive a payment that was submitted on the 12th?,
fax number,
Foodstamps,
reinstated be to license my for paid be to Need much How,
here....I still you Are,
fireman a being to due to business my handle to unable am I because Griffin PERSON_NAME mother My with consult can You PHONE_NUMBER,
DNA test,
What is the phone number in PERSON_NAME Ms,
Can you tell me if I have a case,
Huh,
how do I get a new child support debit card sent to another address?,
Their phone number,
My license have been suspended,
Case number# 619876970A,
I was wondering the status of my case the father of my child said he took the DNA test but no one has reached out to me to test my son.,
PHONE_NUMBER,
My child‚Äôs father paid his back child support with his income tax this year and I still haven‚Äôt recieved  it.,
where do i find the case number,
Ordered,
Report income of non custodial parent,
How do I report income for a non-custodial parent?,
What‚Äôs the number to check on the status of your child support payment?,
I have the eppicard I haven‚Äôt received my July payment,
Proof of Paternity Test Results,
PaernalProofRequest,
How do I get a statement of balance due,
lower,
EMAIL_ADDRESS,
review case,
obligation review,
Get a contact number,
No,
contact phone number,
How do I establish paternity of a Girl they say is my Husbands,
Contact number,
PERSON_NAME,
Check the status of my case,
I have a question.  Currently I pay child support  on my son.  I pay through the state of Texas as I live in Texas.  He now lives in Mississippi.  Does it ever transfer over to y'all?,
No one is available to take my call,
I cannot reach a representative by the number provided,
I would like to receive my separate child support cases on separate debit cards rather than all cases on one card.,
log in,
If I make DIGITS a month how much is 14% of my child support,
The algorithm asks for first and last name and then asks for last name next so my name has my last name twice.,
I AM TRYING TO LOCATE CASE WORKER. I AM A NON-CUSTODIAL PARENT,
Is the system down?,
I have not receive none of the payments that the father has paid. How can I check and see that he has been paying?,
I would like to check on the status of my case.,
I was trying to see if I have to go get print out from the last year or could it be mailed to me,
I'm tryna to figure out how to get child vistation rights,
Can you get child support if you are married,
can i get copies of payments,
how can i prove who is making the payment to mw,
My ex husband is not paying the correct amout of child support i got a review eligibility in the mail and need help he owes over 50000.00,
how do i terminate child support,
Are u a computer,
Can I have my case number,
Change address,
Change personal information,
No I wanna see the payments,
Trying to see is my case being worked up.,
No my child‚Äôs father got a new job about a month ago. I just wondered how long will it take for child support to start back. He has notified them about his job change.,
Why haven't I received any payment since April 3,
I need to make a payment. i cant make the full payment but i was gonna send what i can . can i send it online and it go straight to the mother debit card?,
I would like to get an increase,
How can I locate my account number,
My husband works he gets paid bi weekly DIGITS a month,
i need for you to exit my screen,
this so stupid,
trying to renew driver license,
I'm currently paying child support for 3 kids I got behind cause i went to war and suffered from ptsd.,
I am trying to find out how to log on to check my child support,
How to locate case number,
CHANGE ADDRESS,
i MOVED BACK TO MISSISSIPPI FROM ALABAMA.. DONT KNOW HOW TO CHANGE MY ADDRESS,
I mailed my child support payment in,
Who is this for my kids live in Indiana,
Case number DIGITS,
How can I stop child support when I have the kids more than the other parent?,
Is dna testing free,
I have a question about it,
I am in need of help with my case.,
What advice could you provide to me as a custodial parent with a case that has been open for years? However the non-custodial parent has yet to be served.,
I'm paying in MS and AL trying to get me to pay for the same child,
After i print it off then whats the next step,
I am not getting all of my child support,
I want to know why I haven‚Äôt received a payment in over a year,
Change address,
Can you be garnisheed full amount and arrears from two different jobs,
how can I the routing number to pay my child support with out having to set up a garnishment and how  will the account number be the case number,
Is there a fee,
Case ID,
I do have a few questions actually,
HOW CAN MDHS INCREASE CHILD SUPPORT?,
HOW CAN I INCREASE CHILD SUPPORT,
When am I going to get my payment,
Do y'all still suspended driver license,
I'm making payments and my child is not recieving them,
No payment today,
I,
it ain‚Äôt common,
I need an email address to send in a form for Case Number DIGITS,
can i check my balance online,
I am in need pf a copy of all child support payments I have received for the past year. Who would I talk to to obtain this info?,
What if the noncustodial parent is incarcerated,
Verification of income,
I would like my child‚Äôs support Payment‚Äôs to run through the state and be taken out of my payroll check each week,
The dad hasn't seen or talked to her in 7 years,
Food stamps,
Searching Respondent name,
Yes I want to file a motion in the courts to get my child support lowered,
Email address for the call center,
I have a open case but haven't got payment,
Check on my child support,
Answer my first question,
Yes how can I login and print off my child support amount ?,
How do it work with Taking my child father of child support,
I‚Äôm just wondering about my case,
need to know why my child support has not been put on my debit card yet,
can you give me the fax to where to send medical support form,
How can I speak with a case worker?,
we don't have direct deposit,
Stop garnishments,
When will I receive an court date for my case?,
Checking the site to see if I can get proof of child support.,
Hello i need the DIGITS number to check my CS payment,
Non-Custodial parent seeking child support services,
Who is the attorney for MSDHS?,
I received a letter in the mail from child support but i am out of town and i wanted to see what was the letter about,
When did the child support age go up?,
I have a question,
Can I view my case online?,
Is there a website to view my case?,
I've already paid the $25 fee for full service. Case is under review since April 8 DIGITS,
ZIPCODE,
I already did all of that,
I need to check if payment has been made,
What time do you post it on the account,
Your response is not at all related to the subject,
snap requirements,
Terminate child support,
thank you.Itisnotan emergencty.I willcallinthe morning.,
I have two grandchildren living with  mefor at least three years now  and  our  SNAP benefits were  greatly reduced for noncompliance.  Where do  I  start?,
How to get a paternity test,
Is there a form that I can file to modify child support? One that I can file in court myself?,
fraud,
Here to check on one of my cases,
F,
I‚Äôm done,
That's all,
Recieving,
My sister's grandson lives with her. She is financially responsible for him.  However her daughter does not live with her or take care of her son. How can my sister get the child support redirected to her .,
I have been calling trying to get in touch with someone to find out some information. If my child  has a child and is with child again and has a job I'm wondering why am I still having to pay child support?,
How long does it take the state to process a payment on an account that is in arrearage?,
what if my children grown,
I am trying to set up my bank account to pay child support,
Do you know how long will it take before someone contact me?,
I received a letter stating that every 3 years they will look into the non custodial parents income for increase for child support. I would like to know a little more about that,
My ex-husband stopped paying child support in January of this year and has not made any contact with me to correct this problem.,
recieving,
PERSON_NAME  MS whats the telephone numbers?,
Yes,
Status on my case,
How can I get a copyappointment to review amount of payment,
thanks,
whats the phone number,
Im trying to see why i havent received any child support this month,
annual fee,
Is the custodial or non-custodial parent responsible for the $35 annual fee?,
checking if my payment have been recieved,
My payments are based on how much I make and hours I work correct?,
I want to know why I have not received a child support payment this month,
How can I get paper copies of the monthly payments?,
My ex was paying 100 a week for child support for 3 kids. Well 3 weeks ago we signed and filed divorce papers. Since then he hasn‚Äôt paid anything. He said he isn‚Äôt going to pay until the papers are final and he has to.   Can he do that?,
How do I request an increase in child support,
What is the pobox,
Forms,
I need a child support verification form,
I have a question about how long does ipay online to post to my acxoint,
A change of address,
Checking payment,
How do the non custodian parent go about getting a paternity test done and visitation rights,
THEY NEVER REACH OUT OR ANSWER THE PHONE,
Case number,
How can I find my case number,
If I recently got married and I wanted to  change my son's last name. How do I go about trying to get my son last name changed?,
Banking account freeze,
I haven‚Äôt received a payment this month,
What do i need To get a case started,
My exwife is receiving child support for our 20yr old daughter. My daughter has moved out of state for 3 months now. She's not even giving my daughter any monies that she's receiving,
Welcome,
Welcome,
Welcome,
yes i sent in an application for processing last month and have no received an update on it yet,
Well my question is I suppose to receive a payment on the 7/5 but it has not crossed over to card yet,
They will not answer the phone,
How can I talk to someone each time I call the number PHONE_NUMBER the will not answer the call.  I can only get the music in the background.  I really need to speak to someone and I have been trying for about a month can't get a person to answer. HELP!!,
so why are you on here if you cannot assist?,
I was wondering how far behind does an absent parent have to be before license are suspended and passport revoked?,
i was wondering how can i get  copy of my child support documents,
If both parents have joint physical custody will the father still have to pay child support if his income is higher than the mother‚Äôs income,
i am needing to get ahold of case worker PERSON_NAME garner,
How do I change my address to receive a new debit card?,
Thank you so much,
I need to know about my case I‚Äôm confused every week for 6 weeks they are taking it out his checks he says they haven‚Äôt taking about 700 hundred and I only get 55 here and there,
I want to know how long do it take to get DNA RESULTS,
If someone is scheduled and appointment and don‚Äôt show up what happens,
Check my account online,
How can I get to the estimator,
need help getting child support docs,
I am the parent making payments i am requestin for the very lowest amount to be garnished from my check,
Trying to see my account,
I am trying to find out the status of my child support case.i am the custodial parent,
Have a question when do it end,
Original order from Missouri in DIGITS. Lived in Mississippi last 13 years with child. Need to apply for adjustment in Mississippi.,
WOW,
Hello? are you pushing me off to the call center with no explanation?,
No I have a court date at 9AM in the morning.  I need to print my child support payments out online.  Are you saying that isn't possible?,
Out of my check. How can I get this stopped,
My child was actually adopted by her mother's father an his wife . I was not allowed to see child. I have the papers showing that she was adopted an all parental rights were taken from me . Yet child support has still been taken,
How can I find my case number,
I live in another stoate. Where do I send it?,
No I have a question,
PHONE_NUMBER,
How can I get a record of payments made to me for child support,
How do I get an official audit review of my case,
Then I want to set up a monthly withdrawal of $250.00.,
I want to set up a one time payment for PERSON_NAME Rester - he returned to work and has worked 4 weeks. I didn't think about his child support but payroll has withheld DIGITS.00,
When will I receive the eppi card?,
Offset release date that is due to me by my child‚Äôs father,
Trying to get my child on the early child care program,
case numbewr,
Im trying to check the status of my case.,
Want to cancel it,
Can u tell me my last payment,
Making,
Also can I pay for the application fee on line with a debit card?,
How,
I have a sanction hoe can I get that off,
no payment,
haven't received payment,
didn't get my child support last month or this month,
I would like to cancel my case,
But I'm not recieving anything right now,
are you a human or robot,
PERSON_NAME and PERSON_NAME County,
Statement,
Is there anyway to get a letter stating the amount I receive each month? I‚Äôve tried calling twice and have gotten disconnected each time.,
PERSON_NAME address,
i am asking for a friend her husband left her with two kids and does not want to pay child support,
i would like to get my outstanding balance on my cases,
618917991A,
What is the best way to obtain a certified copy of a child support order?,
I have a form for injured spouse because they took our DIGITS taxes for his back child support.   What address do I send the injured spouse form to?,
I'm trying to put child support on my kids dad,
PERSON_NAME's phone #PHONE_NUMBER,
Sending in checks to pay my child support. Checks for June and July were sent into together. Neither check has been cashed.,
are you a person,
Assistant,
where do i send the paperowrk back to?,
I need the number to talk to someone about my case,
How do I find all my information online,
Can someone go to the nearest location to get a a copy of their child support verfication?,
I need a number to talk to someone about a freeze on my card,
STREET_ADDRESS stateline ms ZIPCODE,
Quiero saber cu√°nto me falta todav√≠a de pagar,
Quiero saber cu√°ntos a√±os m√°s me quedan de pagar manutenci√≥n,
What do you calculate for Income Tax and Retirement for an employees form.,
Quiero saber cu√°nto adeudo de manutenci√≥n,
What is the next step after h,
Soy el padre que est√° pagando y quiero saber cu√°nto m√°s debo pagarle,
Mclarty,
Phone number,
It would be nice if any of them would answer the phone!!!!!!,
How do I change my address with child support?  I haven‚Äôt gotten my new card and forgot to change my address.,
Questions,
Speak with a representative,
I need to know my in arrears balance and when the last payment was made and my case workers name,
My husband has a question about his child support payments.  What number does he need to call?,
Me lo enviar√°n por correo electr√≥nico?,
No,
I get them through eppicard but i need proof i get it child suppport for business,
Customer service,
what is the child support division's phone number,
Would like to know the status of my cases,
The phone number,
Stop payment,
Where do I find it?  Apparently my email add and password have expired.,
I am well thank you!,
New card,
Change of address,
How can I change my address so that I can receive my new card,
I have a question about allocation of child support garnishments when there are multiple garnishments for multiple children.  Which method does MS use?,
I am a man an my child support payment will be over with next month what do i do.,
my child support payment will be over next month what do i do.,
Is there a app I can download to print it,
How do I get a copy of my child support case saying that j don't receive anything yet,
My ex husband is behind 18000 and nothing is happening.,
need my iv-d number or docket number,
User name,
How can I lookup my case,
When will I receive child support,
How do I contact my case worker,
I want the phone number to call to see is there a pending amount that suppose to come to me I received a letter I‚Äôm not sure what it means,
PERSON_NAME,
NO PAYMENT,
it has alreasy been set up but he isnt paying,
Yes,
How do i get a dna test,
Visition right,
what's the toll free number,
Will you call or email so I know how to look,
OTHER,
THIRD PARTY CREDIT REPORTING AGENCY,
i'm just doing my research for the time being..thanks,
My ex-husbands payments have been infrequent and sporadic. He did not pay any amount in DIGITS and has only made two deposits so far in DIGITS. He states that he has contacted the department about this and that the deposits should be happening.,
need fax number,
what is the link,
i have already contacted that center and wasted my time,
i have already called that number i would like a number to the starkville ms mdms branch where i can speak to someone,
yes i would like th elnk please,
im the custodial,
phone numbe,
Fax Number,
I am the custodial parent.,
My case # is 616536621A My name is PERSON_NAME. I was hoping to get an update on payments. I was told the request was sent to the non custodial parent on the 14th of June. How long does this process usually take?,
I need to talk to someone,
No,
did that already,
need help getting a verifecation letter,
No further questions. Thanks,
I need to know how long does it take to process the information to the Mississippi Department of  Transportation?,
Close a case,
I paid child support last week to get my License reinstated and as of today the Mississippi department of transportation has not received the documents needed to reinstate them. How long does this process take?,
Am I getting child support payments ?,
What is the phone number,
How do I tell if a payment has been paid,
Y‚Äôall to a representative,
I would like to check the status of my review,
Wrong email address they gave me,
I did that already,
Email address to mdhs,
I have EFT set up through my payroll company.  Can I add the $5 month fee to that.,
Need to KNOW why i only received a payment of. 21,
How can i get a copy of child support papers,
How long before income tax is applied.,
I need to see how I can get a copy of DNA results proving paternity,
how can I get a copy of my child support agreement,
How can get an review?,
Yes,
Changing address,
Transfer case to adult child from deceased parent,
Phone number?,
At what age does child support stops in Mississippi?,
tax ID number,
I'm looking for your tax ID number to issue a child support withholding for a non-custodial parent.,
Ok,
Yes,
No im trying to pay child support,
Child care assistance,
Case #DIGITS,
I need to update my address and get a new card shipped to me because my current card has expired,
I need a live person to talk to,
I'm here to see how can in get in touch with someone about my case.,
how can i get help?,
i am the parent who is sending money,
The number to check my balance,
Im trying to get a copy of my childsupport payments,
Can you let me talk with someone else that would be able to assist me?,
I‚Äôm asking is there a problem with you all system because she suppose to been received her child support payment on yesterday,
what is the length of digits needed for my bank account number?,
When will child support be on my card for this month? I usually get it on the 6th but I assumed the holiday pushed it back,
please confirm my previous question,
I was trying to see why haven‚Äôt I received my daughter‚Äôs child support for the month of July,
When the dhs lawyer said $120.00 did she mean monthly or weekly?,
status on my case,
How long does it take before it starts?,
Address change,
Childsupport,
My child‚Äôs father has paid child support but it has not came to my card so I‚Äôm trying to see where are the funds,
ok thjanks,
and DIGITS,
case number DIGITS,
Neither,
Why can't I never get an increase in child support,
The 800 number to case information,
Neither. How do I access my account?,
Yes,
What if I have medicaid or snap,
Do I have to do anything else or will they call me,
How long does it usually take to get an answer about the increase,
How do I request a debit card,
I have not received my debit mastercard,
What are the hours,
to EMAIL_ADDRESS,
please email a form for petition to reduce child support,
Arrears,
No,
I am the father and I am trying to put myself on child support,
When I call to try to change my balance  it says we have an important message about your account,
What to do if you are not getting child support for your children when it was court ordered?,
Next ?,
Ms,
Neither i am the child,
Statement,
Do you answer arrears questions,
I would like an email or fax to send this to. The case worker is PERSON_NAME Garner. Case PHONE_NUMBER,
My child support normally come today but will it be delayed because of 4th of July,
How can I speak with you,
Dnt know what to do next can‚Äôt get other parent to pay child support. I need help with my kids asap,
families first,
access and visitation,
is there a portal for child support for CP to view their account.,
I have not received child support in over six months what can i do,
phone number?,
need to change adress,
but it has the wrong last name on it,
I want to know when I‚Äôm eligible for a pay increase,
I would like to stop child support because I am not getting the amount they are taking from his check,
Back,
I have recently been released from jail and am behind on child support I'm trying to figure out if theres an amount I can pay to reinstate my driver's license,
how much,
tax offset,
is there anyway i can check my balance online,
whats the toll free number,
I haven't received any payments,
i am the parent trying to pay,
MY PAYMENT SHOULD BE OVER WITH  MY CHILD IS 21,
i need form to fill out to start process,
Can i make my child support payment online?,
AGENCY,
SENDING A TRANS 2,
Yes,
I need to switch my job on my case to the new one,
proof of enrollment in school,
My daughter turned 18 in March but my child support is still coming out of my check. In my divorce decree in Florida it states the child support stops at age 18. Mississippi enforces the order since they live in Mississippi now.,
I need to get my case number.. I have my social,
Im trying to get the child support number for PERSON_NAME ms,
I'm paying child support on children that I never get to see,
Kosciusko ms,
Trying to get my passport is this possible,
Change of address,
Need to pay right at DIGITS to get my license back. I‚Äôm using a credit card how do I go about it? Thank you,
how do you request a 3 year review,
How can I get the case number,
Question,
Case number,
Custodial parent,
I am trying to see when my child support will be put on my card. I usually get it on wednesdays but it wasn't put on there last wednesday,
What the hot line number  to check  your bal,
Went  will they deppoise my money  on the caed,
The message I just wrote up top,
Can you send me their number,
How can I check on my payments,
Im trying to find out how fat behind the payments are since i haven't recieved any since april,
I‚Äôm calling they not answer they said it was something going on with my case,
Non custodial,
I want to know where to go in PERSON_NAME MS to get a free DNA test,
I lost my debit card,
do I schedule appointments or walk in?,
My ex is 2 months behind on child support. how can i get his wages garnished or press charges,
I need a number to contact to get my DNA results,
ex is not making child support payments,
What if ex is not paying?,
how can i set up a pin # to get the inforation i need,
i need to see how much arrearage child support of still have left to pay i did not received my letter with that information that i get each year,
I'm the parent that are paying,
Hi. Is there any way to pay online,
my name is PERSON_NAME Waits 04/22/DIGITS why have i not received my child support payment on my debit card yet?,
I Acknowledge,
I am the non-custodial parent.  I overpaid my account and it was closed on May 31st.  I sent in a form to recover the overpayment.  I called last Wednesday and was informed that the check was mailed out on the day before.  It has not been received yet,
I havent recieved my child support for last week and it's almost time for this weeks payment as well,
Need help with child support taking back out my check,
No thank you are not helping me.,
No i want to talk with someone in PERSON_NAME Mississippi,
I was try to see when my kids support money. Will be available,
speaking with a live rep,
Phone number,
Does child support include chairs care after school? Clothes extracurricular activities etc?,
Report not receiving payment,
How do I set up a paternity test,
Ho,
my husband owes a lot on his child support. I would like him to start paying every month through yall. would you be able to collect the past due amount?,
Can i get a copy of the IWO?,
I never received my child support card nor my paper work in the mail. I have been getting the run around since Last year when this case first opened,
what's the fax number for Hernando ms,
case # DIGITS,
I need a new replacement caard,
Oh no I have my eppicard but my payment is late and it keeps charging me to call and check,
I need the phone number,
Yes however I‚Äôm the the father. I was wondering if it‚Äôs possible for me to take out child support on myself. And what would the monthly amount come out to be if I did so?,
No,
Question is this: after being confirmed the father through DNA swab what rights does the father have with that child (visiting time with the child... etc.)?,
My ex didn‚Äôt pay child support last month and I have yet to receive it this month. What action(s) can I take?,
I‚Äôm trying to get an online acct to check my payments and activity,
I‚Äôm trying to see how to contact my caseworker directly,
my xhusband is trying to make a large lumpsum payment to catch up om his childsupport but needs to know where to pay it too and if i will get it all at one time,
trying to see when i will receive any child support,
Why my child‚Äôs father is not paying and nothing is being done,
Canton Ms,
Child support payment made but not received,
I would just like to know why a payment that was made wouldn‚Äôt be available to the custodial parent several days later.,
Phone number for county line,
I am trying to find out about filling to get full amount from my daughters father and the process for that,
Havent received payments,
I need to find out if I can get a hardship licesense to work so I can pay more on child support,
b ye,
i received a refund check but i cannot remember if i cash it. can you tell me if it has been drawn down?,
How can I print off an application?,
Im looking to speak with someone about a increase on my child support payments,
Information on my case it seems to be at a standstill,
Talk to customer service agent,
I have a question about a deposit,
Has my child support payment cleared?,
When I called the toll free number a payment was made on the 3rd but I have to receive it.. When will I receive it,
Inquiring on the MS ACCESS AND VISITATION PROGRAM (MA -P),
Inquiring o. The Mississippi access and visitation,
EMAIL_ADDRESS,
Paternity test,
Phone bumber,
I Acknowledge,
Yes,
Enforcement,
Unemployed,
The father of my child was recently unemployed,
Can they base my child support out of a state I do not live in,
Mississippi verification form,
At what age does child support end,
I am trying to see when you receive child support that was intercepted by the state.,
I need to report my brother‚Äôs child support card stolen.,
PERSON_NAME,
Alvarrz,
It showing a suspended license on record and to you guys,
Trying to find my case number,
My ex is habitually late on child support payments. Like 2 months behind. What can i do?,
Why does it cost to get help for child support and is it not supposed to be free through dhs like snaps,
Change in address,
Yes,
Status,
what can i do about this,
Get a statement,
What just looking for address on where to send payment as well as how to make out money order,
Address change my card is about to expire.,
Okay! My child's father will be receiving more than his monthly salary starting this month. How can I report that?,
I was looking for the green support card,
Have had infintigo and multiple episodes of lice,
Not sure I'm at the right place.  My granddaughters are living in a mobile home with 10 other people.  In the last 6 mths they have h,
my child is in Wisconsin so support is sent to MS and MS sends to Wisconsin last month i sent in 439 and only 400 was sent to WI,
What phone number can I call,
The web-based bills/notices link does not work because it says that you do not have a secure connection. I have looked into this and it says that this has to be fixed on your end by enabling https. When will this be fixed so I can know my balance,
Thanks,
I was told that the father put $100 on card but only $65 is on it what could seems to have happen to the rest,
I want to check something else,
Thank you!,
I wanted to know after the person who is on child support pay TANF back does the parent receive the child support payements after the TANF is paid back to state?,
I already got the card usually the will take the money out his check on the first of every month but haven‚Äôt for this month,
Cancel,
Stopping child support order,
Are you answer questions today,
Need a new card,
What age do you stop paying child support for a child,
My son turned 21 last month so when will I no longer have to pay support?,
File for custody,
Want to file for custody of my kids,
File for custody of my children,
What do I do if the parent that pays child support refuses to fill his taxes this year,
Can I check a case,
For get it,
How do you file,
He is getting Workman com,
No,
I‚Äôm behind on payments due to all the other cost associated with this now my liscence have been suspended. How much of the back payments must be paid in order to lift liscence suspension,
None I already receive child support,
I have full custody. and I know where the non-custodial parent isthe reason I'm seeking help is for compliance in my case with mdhs with getting assistance,
I NEED MY CASE REVIEWED,
I received a letter for Notification of coverage via qualified medical child support order. And I‚Äôm trying to figure out how to obtain the insurance cards since he‚Äôs not willing to just hand them over.,
Can I ask you a question?,
How do I change my address. I need a new epic card,
How do I get child support,
How to get child support,
What do I do if I do not receive child support payments,
I have the address but they are close for the holiday,
Phone. Number,
verification print off,
My case was closed and we filed the early release form to get back our tax refund. I have just received a letter stating that we owe a little bit of money for attorney fees. I was just wondering if we will get out check before we pay that amount,
Other,
I cant find my case number',
currently my support is set at $340.20 a month this is based on when i was an RN which i no longer am and have serious health problems. i want to pay my child support but i simply cant afford this but i want to pay my child supprt based on my income,
What does it mean by case closure?,
Yes,
I‚Äôm following up on my call last PERSON_NAME I still haven‚Äôt received a contempt packet to fill out yet,
When will I receive my back time child support?,
Can he make the payment cash?,
PERSON_NAME ms ZIPCODE,
314 North Canton Club Cirle,
PERSON_NAME ms ZIPCODE,
STREET_ADDRESS,
I need to know why I haven‚Äôt gotten my child support this month,
Bless and you,
Why hasn‚Äôt payment posted when it was paid on an earlier date,
Need to know the process of receiving an increase due to the absent parents increase in income,
Wat the number,
Need an email for K PERSON_NAME,
Money gram payment,
When sending money gram do you send to mothers name,
I have questions about my child support case,
I‚Äôm trying to get child support but don‚Äôt have a number or anything to help me get started,
Phone number,
I Acknowledge,
Yes,
How do I find my case number,
Increase in child support,
phone,
My case was being reviewed-- my daughter got married and I am still having child support taken out.,
Yes,
I need contact number,
Ok,
Our company purchased a company where there are existing child support orders.  These orders are under the old employers name and federal and state id numbers.  Do these need to be converted over to ours and if so how?,
Updating work information,
I have not received my child support on my Smione Card. Is there something wrong?,
Social security number,
Looking for information on unfit parents,
How can I get into my account?,
I have not received any child support in months and the father is behind $6300 what can I do?,
trying to look up my  account,
Why are they holding child support received from taxes,
[,
When does child support end,
What age do stop paying child support,
Paying child support for a child about to turn 18  does the money still come out of my check after he is 18,
We went to court in April and got everything set up. The payments were supposed to start May 1st. I just received my copies of all signed/notarized paperwork in the mail. What do I do now? Will I get a card or a paper check?,
Trying find out about doing a DNA TEST,
Just wanting to know if there's a case with my name on it,
How can I go about getting an increase in my child support. Is it true I can ask for an increase every 3 years,
How can I check my account balance,
To reopen my file i was once receiving it but since it been so long to receive it i just closed da case n now the other spouse said that he sent some money in and its showing that i have a 100 dollars on file can u help me get it.,
How can I get a print out of my account?,
Speak with someone,
Hang on,
I haven't been receiving any payments,
My husband lives in Mississippi and I live in West PERSON_NAME. I am filing to collect child support from him,
Have questions about arrears,
Just want to know if my payment will be late this week,
This is a new case,
will payment be made on 4th of july,
will they be issued due to 4th of july,
I have a question about the release of my drivers license. I paid the amount needed so I need to go somewhere and sign anything or can I go to my nearest DMV to reinstate my license.,
When paying mdhs with money gram how is the account number entered?,
Hello I have a divorce decree from PERSON_NAME and my ex-husband is not paying his child support.  How do I take these teeth garnish his check?,
Phone Humber,
I already Have the card but I didnt receive full payment last year,
Good you,
How do i check to make sure my child support payments are current?,
How do you determine how much support you get?,
i was checking to see if i have unclaimed child support,
I was trying to find out the number to see if there was a payment made recently,
are you a real person?,
Verification of service paper,
Hey what time do you all close?,
Need to send payment by money gram and I neee the receive code,
New card,
My kids mom haven‚Äôt got child support in 2 months but they Takin from my check,
I haven‚Äôt received any payments since absent parent moved from another state and has started a new job.,
Change address,
Actually idk I was looking on here to see if it can help me find Social worker that‚Äôs working on my family case,
Change of custodial parent,
Payment revision and reduction,
How long is the child support process. I filed in April and received paternity results but haven't heard anything yet.,
Speak with someone,
I don‚Äôt want to talk to the call center,
Why haven‚Äôt I received payments in two months,
Address,
How long does it take to inform me of the amount child support is going up after the review. We received the letter saying it will be changing,
As an obligator how do I go about getting my drivers license reinstated?,
Longino,
PHONE_NUMBER,
I already have a card I haven't received any payments from my child's father,
How do I close a case?,
I need someone to review my case,
I just checked and my child support put on my card is 1/2 of what I have been getting. Has the amount changed and I was not notified?,
PERSON_NAME I able to cancel an application,
I‚Äôve already submitted an application but I‚Äôm not ready to put it into action. How can I put the process on hold.,
Neither I already have one im just not getting my payments every month,
I receive child support? Even though I am not,
Can You do overdraft on your  debit card,
No,
I'm wanting to check on my case,
0l,
Yes,
Case number and address to send it to.,
close a case,
Need my case number,
Two questions. My name is PERSON_NAME. I card only had 3 payments put on it last month for a total of  $375.00.  He should pay 125$ week so he is behind &125 from june,
trying to get my payments since DIGITS and DIGITS which to no avail call and told cases are closed,
I have not received all of my June child support and I need the number to the director not the automated line for Mississippi,
How is child support paid through a court order? Does it go through DHS?,
thats not my name. i chose the wrong option,
How long does it take to receive a debit card,
Do i need to contact a higher person over yall head this been 16years,
STREET_ADDRESS PERSON_NAME me ZIPCODE,
My children's mother is on child's up port and hasn't ever paid and has a job and still isn't paying,
Can I get Child support if the father and I live together?,
Can I get child support if t,
I haven't received it,
how do I get a copy of my child support order,
EMAIL_ADDRESS,
Do you have to have a case number for the eCheck/bank account debit?,
What are the steps I must take to get an increase in child support,
Can MDHS deduct monies directly from my bank account without notifying me?,
What can I do?,
I am the custodial parent.  I live in South PERSON_NAME and my child's mother lives in MS and works for the National Guard.  There is a court order that she signed to pay child support and she does not pay the entire amount and she is late most of the time.,
Well I need to talk to someone because my prior job had child support being deducted from my check and neither one of my kids mothers say they received it so I'm trying to figure out where did it go to,
I‚Äôm looking for the 1-877 number,
Automatic number,
I need to reorder a new card,
do i need fathers mothers name,
What if my exhusband hasn‚Äôt paid child support in 3 months,
What laws I have to fallow Mississippi or Puerto PERSON_NAME,
Getting in compliance with child support,
My daughter is coming to live with me from her mom. What are the steps to transfer custody so she can start school with me?,
Do you have a 4 digit pin number,
Yes how can I get my driver's license back,
IS there an email address I can send application form to ?,
I want to check on my case,
How do I get started,
I  All ready get child support But hes not paying and his very behind,
who is the top person in dhs to talk to,
ive been to the local office and they haven't contacted me back. They wont give me a case worker,
I was trying to see if I could request a blood test even though I‚Äôm the mother ?,
I have an open case but no response,
I'm actually trying to get info on payment dates and how do that work,
Payment continues to increase but my income is decreasing.,
No answer,
Status of my case,
Status of my case?,
rep,
Unfortunately I was not able to cash it time.,
Yes I received a check from your department. For which I made 3 over payments.,
Paid in too much childsupport,
How do you know if paid in too much,
Sunflower County,
I have 2 cases,
Fax number,
child support modification for non custodial parent,
Case status,
Who can I call to schedule an appointment in tupelo ms,
Phone number,
4CREDIT_CARD_NUMBER,
My case numbers do t match and I can't make payments a Kroger,
I Acknowledge,
Yes,
I'm trying to figure out why I haven't gotten my child support money yet,
Customer service,
Just trying to see if I have a pending payment,
When a man finds out after 15 years he fathered a child and has not been requested to pay support until now how far back does he pay support in arrears?,
what ? how can i cancel my lost card and order a new,
i need to cancel my card and order another one,
. My husband is currently paying cs to his daughter.  She is 19 and getting married in 2 weeks we just found out.  How do we stop the child support payments?  I read where its automatic emancipation.  Do we go through DHS or go through the courts?,
Himy name is clay savage and I've over paid in child support and I was trying to see how long does it takes for me to receive my money?,
have someone call me,
I spoke with PERSON_NAME on PERSON_NAME. I just need to confirm he received my photo Id and email,
A can,
please advise a phone number where a payment can be made on rearage  for ms,
My card has not worked in two months and cant get no one on the phone,
can I terminate my rights?,
adoption,
What is the email for child support change address,
Does Mississippi get involved in a child support case that's wasnt developed in the state,
Yes,
How can get new information to my case worker on the absent father,
neither,
are you a fun time gal?,
are you a human,
I just asked a question,
Phone number,
How far behind is the other parent,
0,
How do I see my case file where do I go?,
I call that number and they had me to call this number PHONE_NUMBER but I cant reach anyone,
I'm trying to reach the State distbustment unit,
Thank you,
I am trying to apply for childcare here in MS and I prefer not to have the father know that I have moved here from Las Vegas,
I have called customer service but I want to talk to a live person but keep getting automatic system.,
O,
I need to speak with someone on why I have not received payment in almost two months,
Reopen case,
How do I notify your agency that we terminated an employee with a child support order,
When is the money deposited on the Eppi card. This is first time to get it,
Trying to be able to check my balance on line,
Current case status