I want to check annoys case to see if there is money available, account balance
How can I find out the balance I owe on back child support, account balance
Check balance online, account balance
I need to know the amount that was collected on my child support account, account balance
I'm trying to see what my balance is for my child support it suppose to be over with this month, account balance
Where my DIGITS dollars, account balance
Check balance, account balance
to see if a payment been made on my case, account balance
Can I check my child support payments online, account balance
Check child support balance, account balance
how do i check if a balance is owed to me on my account, account balance
Balance check, account balance
Hey my name is PERSON_NAME I was trying to see how much was posted on my card from this month, account balance
How can I retrieve my payment?, account balance
Why cant I see my full amount all I see is only one deposit I cant see the savings account for tanf, account balance
Money PERSON_NAME, account balance
need to check on my child support payment, account balance
Check my account, account balance
What is the DIGITS to check  balance, account balance
I’m trying to  find out if money has been deposited, account balance
how can i check the balance of child support my child is due, account balance
How do I find out how much money I owe in child support?, account balance
I want to check my online account, account balance
How can I check my child support payments, account balance
Checking my balance, account balance
Why is my account over draft ?, account balance
My payment is not showing, account balance
Trying to check and see about a payment, account balance
How Do I Find Out How Much Money Is Available, account balance
I can't check my balance it send me to customer service, account balance
Is there a way I can check payment online?, account balance
How do I find out my current balance, account balance
Can u check my account, account balance
get a statement of account, account balance
Get balance, account balance
Need to check balance, account balance
just wanted to check on a payment that was sent to me, account balance
How to find out my balance on child support, account balance
need to check my balance on my card, account balance
How can i check on accout, account balance
trying to see is it render blance on my case, account balance
How can I find out when my money is on my card, account balance
Check my balance, account balance
How do I check to see if I've received a payment?, account balance
How to check balance, account balance
I just need to check on an upcoming payment for tomorrow, account balance
I’m trying to see if July 4 will affect when I get my money PERSON_NAME?, account balance
Check my card balance, account balance
I want to know how much i have paid, account balance
How do I check my balance online, account balance
How to check payment online, account balance
How do I check my child support balance using my social or account number, account balance
Tryn to see about my existing account with my funds, account balance
can i get my final balance, account balance
what is the number to call to get my balance owed, account balance
What is the website to check my card balance, account balance
Checking my account, account balance
How do I find out my balance?, account balance
I'll call the one eight hundred number and it says that I have got 98 dollars deposited in my account but every time I called the line it says that I don't have nothing in my account so I'm trying to see what is really going on, account balance
Is there an app to check my balance, account balance