I have a question about my case but don't know how to directly get in contact with my case worker, account information
How to login to my case, account information
who is my caseworker, account information
How can I check payments, account information
Is the family group number the same thing as case number?, account information
I need to know if I’m done with making payments to child support, account information
Look up current account, account information
What address is on file, account information
Case information, account information
how do i get info about my case, account information
I had the case number to my account how can I check it, account information
How do I find out if my child's father is on child support for my child?, account information
Can you tell me when that last payment was made?, account information
I AM TRYING TO LOCATE CASE WORKER. I AM A NON-CUSTODIAL PARENT, account information
I already get direct deposit... I was trying to see was there a way to check online to see when was my last payment made, account information
I am inquiring about my case, account information
Is there an online portal to see open cases on, account information
I'm trying to view the cases I already have, account information
What’s the name of the app I can download to see when I get payments, account information
I need a print our of my most recent payments how can i view i or get it?, account information
How can I see my case?, account information
I dont have my account number, account information
Where do I find my next payment amount and date, account information
How do I find my case number, account information
How much do I get in child support, account information
I have made payments that are not showing on my acct, account information
Is there anything pending to my account, account information
I am the person that will receive the payments, account information
when was the last deposit posted to my account, account information
It's not set up on neither of my accounts, account information
How to view statements onlibe, account information
By giving you the case number can I find out which child the money is for? My husband isn’t here and I need if this is the right one, account information
How can I check child support payments online, account information
I would like to know if my child support can be increased without a notice, account information
how much should i get in child support, account information
How can I check my online information, account information
Can you tell me how to set up an online account, account information
need to know were yo pull up my cases, account information
Are they canceling bank plan for child support in the PERSON_NAME county in PERSON_NAME Mississippi, account information
Is there not a site i can access child support info, account information
Can i check it online, account information
What is my caseworker name, account information