What is the PO box address in PERSON_NAME to send child support payment?, addressing check
payable to, addressing check
How to fill out money order, addressing check
What's the address to mail in payments in Mississippi for the absent parent?, addressing check
Who do I make the check payable to?, addressing check
How do I fill out a money order for child support, addressing check
Who do I make the money order out to, addressing check
Whew do I mail a child support payment to, addressing check
Who to make check payable to, addressing check
Whoâ€™s name do I put on check for child support?, addressing check
Make Money order payable to?, addressing check
Who do I write the check out to, addressing check
Trying to find the address to send my child support, addressing check
Who name do I put on check for child support?, addressing check
Who do I make the money order out to in Hernando Ms, addressing check