i need to schedule an appointment, appointments
Need an appt, appointments
can i schedule an appointment, appointments
Father doesnâ€™t appear for appointment, appointments
can i schudele an appointment, appointments
I need to schedule an appointment to provide employer information for my ex, appointments
i wanna make an appointment, appointments
can i please schedule an appointment, appointments
schedule an appointment, appointments
I need to have an appointment 30 sept with my caseworker.  My name is PERSON_NAME, appointments
Want to make an appointment for my husband PERSON_NAME Holland Marich an appointment to speak with a case worker. He wants to sign his rights away to PERSON_NAME., appointments
