How do I get my case number, case number
How can I find out my case id, case number
Hello trying to get my case number so I can money gram payment, case number
How to get case number, case number
find my case, case number
case ID, case number
Case number, case number
case #, case number
Im trying to pay child support i dont know my mets id case number, case number
Find case, case number
How do I get my case number?, case number
Trying to find case # so can make payment, case number
How to find my cas e number, case number
How do I found out my case number, case number
How do i obtain my case number?, case number
Iâ€™m trying to figure out what my case number is!, case number
Where can I find my case number to register online?, case number
yes i need my case numbetr, case number
I have a case against PERSON_NAME but do not know the case number, case number