just checking on the progress, case status
It’s been about 3 weeks since I put in an action, case status
How do I log in to see my childsuport case?, case status
About 3 weeks ago I sent a letter in on one of cases requesting a review and i still havent heard anything yet, case status
I applied for an increase and checking the status, case status
I have a case, case status
check on my case, case status
I’m trying to get the status of my child support case, case status
Can u tell me if i have anything  pending, case status
I want to find out what’s going on with my case, case status
Is there a case against PERSON_NAME cole?, case status
I was trying to check on my case, case status
Status, case status
how can I find out if i owe child support, case status
Check the status of my case, case status
Question about my case, case status
On my case what is the going on as now, case status
I have a child support case and it has been years since anything has been done on it., case status
I want to know has anything changed with my case, case status
Looking up a case against me saying I have a child in Mississippi, case status
I’m waiting for a review, case status
How can I check, case status
what is the status of my case, case status
The status of my case, case status
has a case been open, case status
I want to check and see what is going on with my case. There was a lien put on my children's father's workers comp and I was checking to see when a payment would be made., case status
How can I check the status of a review for child support?, case status
I want to talk about my case, case status
im checking on my case, case status
check my case, case status
I need to check on my case, case status
Questions about a case that has been sitting for 3 yrs now, case status
Status of case, case status
Checking on child support, case status
Looking to check on my case to see if they have found out anything, case status
Look up a case, case status
How do.i find out if I'm getting a refund, case status
Follow up on my case, case status
Yes. I would also like to check on another case., case status
im just seeing if anything has happened on the case, case status
How do I find out if I'm getting  a refund, case status
Check status of case, case status
Checking case status, case status
I done dealt with 4 supervisors for the month of July n still haven't received my payments yet ...my email still the same...wat is really goin on, case status
I'm trying to get updates on my child support case, case status
I was trying to see when I receive my child support and will I get a card, case status
How can i check notices online, case status
I have requested a review on my case and checking the status, case status
I am trying to see if i have a pending case or court date coming up, case status
i have submitted all of my information to start my case and i have not received any information about my case, case status
Can you tell me anything about my case I have not heard back on the decision that was made, case status
i need to know the status of my case, case status
Can I check the status of my case, case status
Checking my case, case status
Trying to check status of my case, case status
Follow up, case status
Case!?, case status
Yes I would like to get the status of my case, case status
Yes. Trying to find out about my case. It’s been over 6 months and I still haven’t gotten a court date, case status
I am check on child supprt, case status
I’m trying to see why my child support isn’t on my card yet I’m missing two payments, case status
Just checking on updates, case status
HI my name is PERSON_NAME. I'm trying to get a update on my case of Hattiesburg ms, case status
I'm looking into a case I havent heard back from in 9 months, case status
is my case still active, case status
Would like to know the status of my case, case status
Trying to find out if i have a open case, case status
I’m just trying to follow up in regards to my case, case status
Check the status of my child care, case status
Judge changed my child support order 6 weeks ago when will it change?, case status
Check status, case status