I need to put in my job information, change employment information
Changed jobs, change employment information
give you my employer name and address, change employment information
i lost my job, change employment information
I need to update place of employment, change employment information
Notify of employment change, change employment information
Yes I just got switched to every two weeks pay and I need to get new paperwork sent to me so I can adjust that coming out of my paycheck, change employment information
lost a job, change employment information
I need to add an employer address and contact number to a case, change employment information
Report change of employment, change employment information
Got a new job and need withholding order for new job, change employment information
How do you report change of job for paying parent?, change employment information
Can I get the form needed online to take to may employer to have child support deducted from my paycheck. I have started a new job., change employment information
how can i reach a person to give them my new empoler information?, change employment information
Trying to set up child support to be taken out of my check at my new job, change employment information
change jobs, change employment information
Updating work information, change employment information
I lost my job, change employment information
I need to switch my job on my case to the new one, change employment information
Change of Employment Status, change employment information