Is there a way to change my address online?, change of information
I will like to change my address, change of information
How to change my address on order for me to receive my debit card, change of information
Change my home address, change of information
Change of Address, change of information
I am trying to put my child’s father name as the custodial parent can we do that, change of information
address change, change of information
I am needing to update my address so that I can get a new EPPI card sent to me., change of information
Need to submit my address, change of information
I’m needing to have my address in the system changed, change of information
Change of address for child support, change of information
Change of name and address, change of information
Change my address, change of information
Change of address, change of information
Change personal information, change of information
How to change my address?, change of information
Yes. I need to know where to go to change my address so that I can get a new card. The epicard people cannot help me., change of information
change name, change of information
I am looking to change banks where I have been receiving my child support?, change of information
I want to change my PERSON_NAME address, change of information
i MOVED BACK TO MISSISSIPPI FROM ALABAMA.. DONT KNOW HOW TO CHANGE MY ADDRESS, change of information
I need to change my name, change of information
Change address, change of information
I need to kno how can i change my address online, change of information
How do I change my address to receive a new debit card?, change of information
Address Change, change of information
change last name of child, change of information
Need to change address, change of information
If I recently got married and I wanted to  change my sons last name. How do I go about trying to get my son last name changed?, change of information
Updated a address with child support, change of information
EMAIL_ADDRESS but need to change to EMAIL_ADDRESS, change of information
I am trying to figure out how to get my case information updated properly., change of information
Need to also change the address as well, change of information
How do I change my address on my child support case, change of information
Address change, change of information
change of address, change of information
name change, change of information
Change of custodial parent, change of information
change of address form, change of information
Trying to get my address changed, change of information
I have gotten married and have moved what do I need to do to change my address and name on my case??, change of information
I need a change of address on my child support case, change of information
I have a change of address, change of information
I’m looking for the change of address form, change of information
I need the email address to change my address I have a case opened, change of information
How do I change my address. I need a new epic card, change of information
how to complete a change of address, change of information