I'm trying to get incompliant with child support foodstamps, enforcement
Yes I only have the state where my kids father stay no address I know where he works and social security number I need help ASAP, enforcement
my husband owes a lot on his child support. I would like him to start paying every month through yall. would you be able to collect the past due amount?, enforcement
contempt of childsupport, enforcement
Enforcement, enforcement
Well I was trying to see how to get action taken on my case because my child support is about 9 months behind, enforcement
How can I get the father to pay child support, enforcement
Who is over the child support enforcement?, enforcement
I need a copy of my child support from Court my oldest son father hasnt made a payment on 18 years, enforcement
I need to get the amount owed, enforcement
Hi....my name is PERSON_NAME Hunt....I haven’t receive child support since June 11 DIGITS, enforcement
I have applied for child support and my daughter is 4 years old now and I still haven’t received any for her. What can I do?, enforcement
I am trying to see who I need to contact about my PERSON_NAME father.  He has not paid child support since May DIGITS, enforcement
My ex husband has not paid child support more than 3 months, enforcement
My baby daddy has never paid support and I was trying to figure out how to get it started, enforcement
I raised this child by myself..her father disowned her..but he still lied, enforcement
I am the custodial parent but the father resides in Mississippi and is behind on payments. What can I do?, enforcement
I requested the non custodial parent be in contempt but once 3 payments were made it was dismissed and he stop making payments. What can I do to enforce my case, enforcement
Enforcement of Mississippi order, enforcement
How can I enforce child support on my child's father, enforcement
My wife is late on child support and not answering my calls, enforcement
none i have not received child support since Oct of DIGITS. He was ordered to start paying in March or DIGITS and I have only gotten 3 or 4  payment since that date. from July to Oct of DIGITS. How can i find out if anything is being done to try to collect, enforcement
Contempt, enforcement
How can I help get my ex to pay child support?, enforcement
I have an order already  but he has neglected to  pay in 3 months  and the months he did pay it was not what my order say, enforcement
What can be done about a non custodial parent working and not paying, enforcement
"How can I get the ""absent parent"" to pay child support?  It has been almost 3 years.", enforcement
How long can he go without paying?, enforcement
How do I go about getting an eforcement?, enforcement
Trying to figure out how to get my ex to pay since he is not after divorce, enforcement
My ex is over $4000 behind.  What can I do?, enforcement
He's past due $2000.00, enforcement
Who to talk to about non payment in over a year, enforcement
My sons father only pays child support when he feels and he need to be consistent. I need to know what I can do about this situation, enforcement
Trying to see why I haven’t received a payment since 2/22/18 and non custodial parent has 2 jobs, enforcement
what happens if the other parent has missed his monthly child support payment, enforcement
contempt, enforcement
I’m trying to get wages garnished from his new job, enforcement
My baby's father has not paid child support since DIGITS. My baby was born in DIGITS. He only made like 3 payments and now he is getting paid under the table. His balance is over $DIGITS. What do I need to do?, enforcement
Haven’t gotten any child support since January, enforcement
What if my exhusband hasn’t paid child support in 3 months, enforcement
If I have a divorce decree that states child support is owed and it hasn’t been paid what form do I fill out, enforcement
How to get my child mom to pay, enforcement
Enforce!, enforcement
My daughter recently turned 18 and her father stopped paying support, enforcement
I'm taking care of my 5 children and neither dad does for them financially or even physically consistent, enforcement
Non custodial parent has not paid child support in 3 months is there any updates i need to know about, enforcement
I have a question if a father is over 15000 dollars behind in Child support will another be open if he is assisting with the second child, enforcement
How can some not follow through with a garnishment, enforcement
Termination of parental rights of a parent who hasn’t paid child support or seen there child in almost 5 years, enforcement
How do I get my child support caught up, enforcement
The other parent hasn't been making payments since March 6 DIGITS, enforcement
It says on divorce paper he is supposed to pay but I have no idea where he is, enforcement
Is there anything that ca be done about this as long as he is being paid cash on purpose, enforcement
My ex husband has been working for several months and I have not had any child support payments from him. I have his employment information., enforcement
contempt request, enforcement
My ex-wife is fixing to be 3 months behind on child support how are you going to enforce this, enforcement