It’s saying my card number is invalid, card
How can I check child support payments online, account information
How can I check payments, account information
Already have eppicard. Trying to find out where a payment is I haven't received, not received payment
If i only recieve 50 dollars a month is there still a fee, fee
Why is there an fee to recieve child support, fee
modification, support request
modification, support request
Forms to request a modification, support request
I've never received anything and I filed a year ago, not received payment
The status of my case, case status
the page is not loading,
My ex-wife is fixing to be 3 months behind on child support how are you going to enforce this, enforcement
When do they give out child support money each month, payment timelines
How much am i behind, 
I need to email something to the child support department. No one specific. What is the email address. I have EMAIL_ADDRESS but it rejects., email
How do I stop my daughter's father from receiving her child support if I have her, support request
I have not been receiving my child support payments as i am supposed to. They are coming straight out of the other parents checks and he is still getting them so there should be no reason I'm b not getting mine, not received payment
I need to know why I haven’t received my payments, not received payment
How can I stop child support, support request
I have a eppi card. But i switch states from Mississippi back to NY  where both fathers live and i originally recieved payments. I tried switching back 4 months ago and havent recieved payments thru either state in that time. Where are my payments going?, interstate
Phone number, contact human
I’m trying to get a print out for one of my residents saying how much she get for child support from the last 4 months, documentation
I need 12 month receipt of payments sent to an email., documentation
where do i turn it in at i live in gulfport ms, office locations
Coahoma county child support number from online sources is not correct., contact human
Renew food stamps, snap
Replacement card, card
I need help. My card isn't working...and I cant get in touch with anyone., card
Hi..Yes I was hoping I can get a print out of the last 2 months of my child support, documentation
How much am still behind on it, arrears
How can I get the father to pay child support, enforcement
I’m inquiring about my dna results. I haven’t received them yet., paternity
I'm trying to get updates on my child support case, case status
give you my employer name and address, support request
How would the person paying child support get a copy of their payment agreement, documentation
im trying to establish paternity to get my name removed from a birth certificate, paternity
reopening an old case, open case
Driver license clearance form, documentation
Why haven’t I received payments, not received payment
Check balance, account balance
What is the fax number, 
I need to know if I’m done with making payments to child support, account information
I overpaid with an automatic deduction at work and have called numerous times the past 4 months and every time I am told they will send the form requesting reimbursement and I never get the form. Where can i get this form., documentation
How can some not follow through with a garnishment, enforcement
How can my ex after not paying for 4 yrs make 3 pmts and stop again?, not received payments
Where do I find my next payment amount and date, account information
Have not child support debit card, card
I would like to know if my child support can be increased without a notice, account information
Do y’all do free DNA test, paternity
Already got card other parentsl ain’t paid snice march, not received payment
Trying to figure out how to get my ex to pay since he is not after divorce, enforcement
I received my letter to allow my ex to pay his child support thru the state however he has moved again so he was not notified . What do I need to do ?, interstate
How can I make payments arrangements. so I can get my license. I'm a truck driver, support 