request visitations, visitations
Who do I talk to check the status of that, case status
Who would I speak to to request visitations, visitations
Why my child’s father is not paying and nothing is being done, enforcement
I have his employment information, info about parent
My ex husband has been working for several months and I have not had any child support payments from him. I have his employment information, info about parent
Please have a supervisor call me. Every person that has called me back has hung up because they are not trained to answer my question, complaints
I have a complaint about MS child support case managers and customer service, complaints
Coahoma county child support number from online sources is not correct, complaints
Is on file and every time I call them no one helps me no one, complaints
That number has no information, complaints
Close a case, terminate
notices, documentation
Can I submit my child support documentation online, online action
Can I upload documents, online action
Send me the paperwork to my email I can fill out online and submitt, online action
I am just looking for a blank Verification of Services form., verification
I already receive. I just need something showing that I receive payments, verification
How can I get documentation of benefits for the school, verification
Checking the site to see if I can get proof of child support, verification
I know that part, insufficient response
no my question, insufficient response
The message I just wrote up top, insufficient response
Thanks 4 nuthn, complaints
You aren't helpful. I can find that on my own., complaints
wow, complaints
you are not helping me, complaints
visitaion, visitation
The non-custodial parent is not making the full amount of payment. What can I do?, enforcement
it has alreasy been set up but he isnt paying, enforcement
How does paying rearrange works, arrears
?, insufficient response

No one will answer this number, callcenter not answering
will they answer?, callcenter not answering
they never anser, callcenter not answering
Noone answering that numberv, callcenter not answering
Why won’t anyone answer the phone, callcenter not answering
i have called so many times my case worker hasnt called me or any thing, callcenter not answering
i cant get to a person when i call that number, callcenter not answering
No one is available to take my call, callcenter not answering
I cannot reach a representative by the number provided, callcenter not answering
THEY NEVER REACH OUT OR ANSWER THE PHONE, callcenter not answering
They will not answer the phone, callcenter not answering
I really need to speak to someone and I have been trying for about a month can't get a person to answer. HELP!!, callcenter not answering
How can I talk to someone each time I call the number the will not answer the call, callcenter not answering
I can only get the music in the background., callcenter not answering
I call that number and they had me to call this number but I cant reach anyone, callcenter not answering
I have called customer service but I want to talk to a live person but keep getting automatic system, callcenter not answering
nobody answers that number, callcenter not answering

No I need to know I'm not getting child support there is 900 dollars that been taking out the father's check, paid but not received
My child’s father paid last week and I still haven’t received my pay, paid but not received
Why am I not receiving child support even though it is being withdrawn from other parents checks, paid but not received
my last 3 payments have not been sent to my kids, paid but not received
No I need to know I'm not getting child support there is 900 dollars that been taking out the father's check, paid but not received
The money is coming out of my check but not being processed to the card, paid but not received
They are taking 600 a month from the absent father but I haven’t receive any money , paid but not received
Tax return took child support out in February but it’s August and still not posted to the mothers account, paid but not received
My child’s father paid his back child support with his income tax this year and I still haven’t recieved  it, paid but not received
I'm making payments and my child is not recieving them, paid but not received
Child support payment made but not received, paid but not received
My kids mom haven’t got child support in 2 months but they Takin from my check, paid but not received
My child’s mother is saying she didn’t receive child support but I paid through the iPay online, paid but not received
Whem will i get my payment o have gotten one they are taling it out I hi checl but no money, paid but not received
my taxes were taken for child support and the other person involved hasn't received any payment yet, paid but not received

I haven’t received child support payments in 2 months, > 1 month
Haven't got child support in 7 months, > 1 month
I haven’t received a payment in a. Year> 1 month
I haven't received anything in a long time..., > 1 month
I have not received payment in years, > 1 month
IM TRYING TO SEE WHY I HAVENT HAD PAYMENT SINCE OCTOBER DIGITS, > 1 month
My child's father filed taxes in April. Why haven't I received anything when he's behind, > 1 month
I haven't received child support payment in over a month now, > 1 month
Why haven't I received any payment since April 3, > 1 month
I want to know why I haven’t received a payment in over a year, > 1 month
didn't get my child support last month or this month, > 1 month
I have not received child support in over six months what can i do, > 1 month
Im trying to find out how fat behind the payments are since i haven't recieved any since april, > 1 month
I already Have the card but I didnt receive full payment last year, > 1 month
Why haven’t I received payments in two months, > 1 month
Neither, I already have one, im just not getting my payments every month, > 1 month
I need to speak with someone on why I have not received payment in almost two months, > 1 month
Neither I want to check on the balance on my account and report no payment in over a month, > 1 month
Haven’t gotten any child support since January, > 1 month
My card balance is 0 and I haven’t received child support since April 5, > 1 month
I haven’t received a child support payment since April 24, > 1 month
I haven't received child support in close to two years., > 1 month

Check the status of my child care, child care

Well my question is I suppose to receive a payment on the 7/5 but it has not crossed over to card yet, not received payment
My case numbers do t match and I can't make payments a Kroger, can't make payments
I am currently receiving payments on a card however haven’t received any back support but the non custodial parent has paid it', not received payment

Are there any changes taking effect July DIGITS regarding child support, case status

When can legal action take place for non child support payment, enforcements
I’m wondering when my child support will go through into my account and why I’m not getting the full amount on one of them?, not received payment
When was my last payment made, payment history
I was awarded child support over a month ago and have yet to receive a payment, not received payment
Who can i call to ask what is going on with my payments, paid but not received
