I'm tryna to figure out how to get child vistation rights, visitation
Yes I have another child to put on child support, open case
How to contact your case manager, contact human
I'm trying to put child support on my kids dad, open case

Can pregnant women get tanf, tanf
I dont know how much my child father make, info about parent
What happens when they owe more than $1,000., not received payment
What are the hours, office locations

How far behind do you get in trouble, enforcements
Wht time does it close, office hours
Needing help getting court order and arrears balance transfer from TN to ms, interstate
How long does it take to receive child support arrears once the irs.takes my kuds father taxex, payment timelines
Get a statement, payment history

i tried calling. I was on hold for 15 minutes before being disconnected how can i get an audience with a case worker, callcenter not answering
It would be nice if any of them would answer the phone!!!!!!, callcenter not answering
The wait time is too damn long., callcenter not answering

Enforcement of Mississippi order, enforcement

