how do I get court representation?,visitation
what are my visitations rights?,visitation
how can I find information about petition to cite?,visitation
what is Mississippi's access and visitation program?,visitation
what is MAV-P?,visitation
what services are provided?,visitation
what do I have to do to get MAV-P services?,visitation
what is Pro Se mean?,visitation
can I have details about pro se packet?,visitation
what is Petition to Cite mean?,visitation
can I have details about Petition to Cite?,visitation